density_q,median_rank
"(-0.001, 0.000382]",68.0
"(0.000382, 0.00171]",65.0
"(0.00171, 0.00539]",54.0
"(0.00539, 0.0187]",41.0
"(0.0187, 1.0]",15.0
