moved_up,count,median_norm_review_density,mean_norm_review_density
yes,3099,0.01251439838415355,0.05042026298077216
no,284,0.0268618467949906,0.17031163105818312
